Workbook

Sheet Read me
A1: Batch Monitoring MVP — Issues
A2: Source: changes/2026-10-02-batch-monitoring-mvp/issues.md (reviewed 2026-10-03 and 2026-10-04). Language: ASD-STE100, about 80% strict.
A4: Sheets
A5: Issues — one row for each of the 32 issues: owner, dependencies, test partner, size, what to do, acceptance criteria, how to test.
A6: Summary — the number of issues for each sprint, size and status. The numbers are formulas, so they change when you change the Status column.
A7: Paired tests — for each sprint, the feature, its test partner and what the test proves.
A8: Long-lead requests — requests to other teams that must start in Sprint 1.
A9: Fixed versions — the exact versions of the components (checked 2026-10-03).
A11: How to use
A12: Change only the yellow cells: Status (select from the list) and Notes on the Issues sheet. Do not change the other cells; change issues.md and make this file again.
A13: Status values: To do, In progress, Blocked, Done. Example: S1-01 → In progress, with a note such as "Draft schema sent to backend on 6 Oct".
A14: Sizes: S = less than 1 day, M = 1 to 3 days, L = 3 to 5 days.

Sheet Summary
A1: Summary
A2: All numbers are COUNTIFS formulas on the Issues sheet.
A4: Sprint | B4: Issues | C4: Size S | D4: Size M | E4: Size L | F4: Other size | G4: To do | H4: In progress | I4: Blocked | J4: Done | K4: Done %
A5: Sprint 1 | B5: =COUNTIFS(Issues!$A$2:$A$33,$A5) | C5: =COUNTIFS(Issues!$A$2:$A$33,$A5,Issues!$H$2:$H$33,"S") | D5: =COUNTIFS(Issues!$A$2:$A$33,$A5,Issues!$H$2:$H$33,"M") | E5: =COUNTIFS(Issues!$A$2:$A$33,$A5,Issues!$H$2:$H$33,"L") | F5: =B5-C5-D5-E5 | G5: =COUNTIFS(Issues!$A$2:$A$33,$A5,Issues!$L$2:$L$33,"To do") | H5: =COUNTIFS(Issues!$A$2:$A$33,$A5,Issues!$L$2:$L$33,"In progress") | I5: =COUNTIFS(Issues!$A$2:$A$33,$A5,Issues!$L$2:$L$33,"Blocked") | J5: =COUNTIFS(Issues!$A$2:$A$33,$A5,Issues!$L$2:$L$33,"Done") | K5: =IF(B5=0,0,J5/B5)
A6: Sprint 2 | B6: =COUNTIFS(Issues!$A$2:$A$33,$A6) | C6: =COUNTIFS(Issues!$A$2:$A$33,$A6,Issues!$H$2:$H$33,"S") | D6: =COUNTIFS(Issues!$A$2:$A$33,$A6,Issues!$H$2:$H$33,"M") | E6: =COUNTIFS(Issues!$A$2:$A$33,$A6,Issues!$H$2:$H$33,"L") | F6: =B6-C6-D6-E6 | G6: =COUNTIFS(Issues!$A$2:$A$33,$A6,Issues!$L$2:$L$33,"To do") | H6: =COUNTIFS(Issues!$A$2:$A$33,$A6,Issues!$L$2:$L$33,"In progress") | I6: =COUNTIFS(Issues!$A$2:$A$33,$A6,Issues!$L$2:$L$33,"Blocked") | J6: =COUNTIFS(Issues!$A$2:$A$33,$A6,Issues!$L$2:$L$33,"Done") | K6: =IF(B6=0,0,J6/B6)
A7: Sprint 3 | B7: =COUNTIFS(Issues!$A$2:$A$33,$A7) | C7: =COUNTIFS(Issues!$A$2:$A$33,$A7,Issues!$H$2:$H$33,"S") | D7: =COUNTIFS(Issues!$A$2:$A$33,$A7,Issues!$H$2:$H$33,"M") | E7: =COUNTIFS(Issues!$A$2:$A$33,$A7,Issues!$H$2:$H$33,"L") | F7: =B7-C7-D7-E7 | G7: =COUNTIFS(Issues!$A$2:$A$33,$A7,Issues!$L$2:$L$33,"To do") | H7: =COUNTIFS(Issues!$A$2:$A$33,$A7,Issues!$L$2:$L$33,"In progress") | I7: =COUNTIFS(Issues!$A$2:$A$33,$A7,Issues!$L$2:$L$33,"Blocked") | J7: =COUNTIFS(Issues!$A$2:$A$33,$A7,Issues!$L$2:$L$33,"Done") | K7: =IF(B7=0,0,J7/B7)
A8: Sprint 4 | B8: =COUNTIFS(Issues!$A$2:$A$33,$A8) | C8: =COUNTIFS(Issues!$A$2:$A$33,$A8,Issues!$H$2:$H$33,"S") | D8: =COUNTIFS(Issues!$A$2:$A$33,$A8,Issues!$H$2:$H$33,"M") | E8: =COUNTIFS(Issues!$A$2:$A$33,$A8,Issues!$H$2:$H$33,"L") | F8: =B8-C8-D8-E8 | G8: =COUNTIFS(Issues!$A$2:$A$33,$A8,Issues!$L$2:$L$33,"To do") | H8: =COUNTIFS(Issues!$A$2:$A$33,$A8,Issues!$L$2:$L$33,"In progress") | I8: =COUNTIFS(Issues!$A$2:$A$33,$A8,Issues!$L$2:$L$33,"Blocked") | J8: =COUNTIFS(Issues!$A$2:$A$33,$A8,Issues!$L$2:$L$33,"Done") | K8: =IF(B8=0,0,J8/B8)
A9: Total | B9: =SUM(B5:B8) | C9: =SUM(C5:C8) | D9: =SUM(D5:D8) | E9: =SUM(E5:E8) | F9: =SUM(F5:F8) | G9: =SUM(G5:G8) | H9: =SUM(H5:H8) | I9: =SUM(I5:I8) | J9: =SUM(J5:J8) | K9: =IF(B9=0,0,J9/B9)
A11: "Other size" counts issues with a size that is not S, M or L (S1-05 is "M + M").

Sheet Issues
A1: Sprint | B1: ID | C1: Title | D1: Type | E1: Owner | F1: Depends on | G1: Tested with | H1: Size | I1: What to do | J1: Acceptance criteria | K1: How to test | L1: Status | M1: Notes
A2: Sprint 1 | B2: S1-01 | C2: Map one GCP job and write the JSON body v1 | D2: Feature | E2: GCP job developer. Backend reviews and approves. | F2: — | G2: S1-03 (a real body agrees with the schema) | H2: M | I2: What: The GCP job developer maps one job to the record fields of the standard. Then the developer writes the JSON Schema of the run summary, with example bodies. The schema is kept in this repository, because the backend examines each request with it. Thus backend reviews and approves the schema. There is no separate mapping table. The description of each field in the schema tells where its value comes from in the job. The developer answers these questions in the schema or in the pull request: - Where does the job publish the results (file and function)? The send step comes after this point. - Which part of the prompt is the instruction (question)? Which part is the source material (retrieval_context)? - How does the job show a refusal or a safety block (refused)? - Does the job use the Gemini Batch API (then latency_s is null) or online calls? - Where can PII occur? The redaction in S1-03 must cover these locations. - When the job fails, what does it log now? Can it still send a run summary with status: failed? | J2: • The schema file and 4 examples are in the repository: a normal run, a partial failure, a Batch API run with latency_s set to null, and an identity-only run (S1-03). The examples use synthetic text only. • The schema accepts records: [] with records_reason: records_not_approved. This is the identity-only mode. • Each field has a description that tells its source in the job. The required fields and the optional fields are clear. The schema rejects unknown fields. • Free text is allowed only in question, answer, retrieval_context and tool_calls. The schema has no customer ID field. • The body has no trace field. The trace ID goes in the traceparent HTTP header (S1-05). • The logs are agreed with the GCP developer: the job writes a log entry when the job fails and when a send to the monitor fails. The monitor team can read these logs during the pilot. • Backend, RAI and security (S1-08) reviewed the schema. | K2: 1. Unit: pytest examines each example with the schema. Make sure that a wrong example (no run_id, a wrong type, an unknown field) fails. 2. Paired with S1-03: build a body from a real run. Make sure that it agrees with the schema. | L2: To do
A3: Sprint 1 | B3: S1-02 | C3: Receiving API POST /api/batch/runs with API key | D3: Feature | E3: Backend | F3: S1-01 (the draft schema is sufficient to start) | G3: S1-03 | H3: L | I3: What: Add an endpoint that examines the API key, examines the run summary with the S1-01 schema, and stores the run one time in a new table batch_runs. Add the table with an additive migration in backend/app/db.py. A stored row never changes. The trace ID comes from the traceparent header through the OTel context (S1-05 part B). The backend stores it with the row. Authentication: a static API key now There is no VPN between GCP and AWS yet. Thus the request goes across the internet. Three layers protect it: Layer | How | Owner API key | Authorization: Bearer <key>. A random key of at least 32 bytes for this use case. The GCP job reads it from Secret Manager. The backend stores only its SHA-256 hash and compares in constant time. | Backend + GCP developer Encryption | HTTPS only, so that the key is never visible on the network (S1-04) | Platform Network | The firewall allows only the egress IP of the GCP job, for example a Cloud NAT static IP (S1-04) | Your team Other options: Option | Shared secret | Work | Decision Static API key + HTTPS + IP allowlist | Yes | Low. The same method as the existing tokens of the monitor. | Selected Google service-account identity token: the job gets a token that Google signs. The backend examines the signature and the service-account email. | No | Medium. It needs the google-auth package. | Not in October. Only if security requires it (S1-08). Mutual TLS | No | High. Each job needs a client certificate. | Not planned VPN or private link | — | Depends on the network team | Not available yet | J3: • A correct body with a correct key: 201. One row is stored. • The same body again: 200. There is still one row. • The same (use_case_id, run_id) with different content: 409. The first row does not change. • A wrong body: 400 with the field errors. Nothing is stored. This includes an unknown field, a missing record field, latency_s set to 0, and more records than the sample size allows. • No key or a wrong key: 401. Nothing is stored. The key and the body are never written to a log. • The records are stored in the run as they arrived. The backend keeps record_id for the evaluator. • An identity-only body (records: [], reason records_not_approved) is stored. Later, all five metrics of this run show "Unknown" with this reason, because they all come from the records. | K3: 1. Unit and integration: pytest for each acceptance criterion, with the S1-01 examples. 2. Full backend suite: .venv/bin/python -m pytest -q -m "not slow". 3. Paired with S1-03: a real GCP job sends to the test host. Make sure that one row exists for its run_id. | L3: To do
A4: Sprint 1 | B4: S1-03 | C4: GCP job sends the run summary after it publishes | D4: Feature | E4: GCP job developer | F4: To build: S1-01. To test from start to end: S1-02 and S1-04. | G4: S1-02 | H4: M | I4: What: This is a feature in the code of the GCP job. It is not a test step. Add a step after the publish step. The step does these actions: 1. It selects a uniform random sample of records (default 50). 2. It replaces phone numbers, email addresses and national ID numbers with [PHONE], [EMAIL] and [NATIONAL_ID]. 3. It builds the run summary. 4. It sends the run summary with the API key from Secret Manager. 5. It tries again with a delay after a network error or a 5xx response. A failed send must not stop the business job. Identity-only mode. The setting SEND_RECORDS controls the records. Until security approves (S1-08), the setting is off. Then the job sends only the run identity, with records: [] and the reason records_not_approved. No text leaves GCP. With this mode, the team can test the send step, the API key, the retries and OTel from 6 October. When security approves, set SEND_RECORDS to on. No code change is necessary. The developer can build and unit test the step from Monday with the S1-01 schema and a fake server. Only the test from start to end waits for the API (S1-02) on the test host (S1-04). | J4: • The step runs only after the publish step is successful. • The step tries again after a timeout or a 5xx. It does not try again after 400, 401 or 409. • The job ends successfully also when the monitor is not available. • Each failed send writes a log entry with run_id, the HTTP status or the error type, and the attempt number. The log entry never contains the key or the body. • A failed job writes a log entry. It sends a run summary with status: failed if S1-01 agreed that it can. • The sample size follows the setting. A run that is smaller than the sample sends all its requests. • The body contains no raw phone number, email address or national ID number. • When SEND_RECORDS is off, the body has records: [] and the reason records_not_approved. The default is off. • The job verifies the HTTPS certificate. With a private CA (S1-04), the job trusts that CA file. It never turns the verification off. | K4: 1. Unit (GCP repository): make sure that the body agrees with the S1-01 schema, that synthetic PII becomes placeholders, and that the sample size is correct. Make sure that the sender tries again after a fake 503, stops after 400, and logs each failure. 2. Paired with S1-02 on the test host: run the job in the GCP dev project. Make sure that the job log shows 201, and that batch_runs has one row with the same run_id. Run the job again. Make sure that the log shows 200 and that there is still one row. 3. Failure test: give the job a wrong URL. Make sure that the job ends successfully and that Cloud Logging shows the failed sends. 4. Identity-only test: set SEND_RECORDS to off and run the job. Make sure that the stored run has no records and has the reason records_not_approved. | L4: To do
A5: Sprint 1 | B5: S1-04 | C5: Deploy the monitor backend to a test host that GCP can reach | D5: Infrastructure | E5: Platform | F5: The prerequisites below. Due Tuesday 6 October. | G5: S1-03 | H5: M | I5: What: Install the monitor backend, its database and the Collector (S1-06) on a test host that the GCP dev project can reach. Prerequisites (ask the network team first) Question | Why it is important | Owner Where does the test host run (AWS account, server or other)? | It decides the firewall and the certificate options | Your team How does the network allow traffic between GCP and the host now? | There is no VPN yet. The requests go across the internet. | Network team Can port 443 open for one front door (S1-06)? | The API and the Collector both use it. One port, one certificate, one allowlist. | Network team What is the egress IP of the GCP job, for example a Cloud NAT static IP? | The firewall allowlist (S1-02) | GCP developer Is there a public DNS name for the host? | A public certificate needs it | Your team Do we use a public CA certificate, or a private or self-signed certificate? | See the table below | Your team Certificate options. Both give real HTTPS. Option | Needs | On the GCP job Public CA (for example Let's Encrypt or AWS Certificate Manager) | A public DNS name, and a method to prove that you own it | Nothing. The job trusts it by default. Private CA or self-signed | Nothing public. We make the certificate and replace it before it expires. | The job trusts our CA file (S1-03). The verification stays on. Plain HTTP is not allowed, because the API key would go across the network without encryption. | J5: • The answers to the prerequisites are in this issue. • The monitor backend, PostgreSQL and the Collector run on the test host. • The API uses HTTPS (public or private CA). Plain HTTP is refused. • Only the GCP egress IP can reach the API and the OTLP endpoint. The database port is closed to the internet. • The API key and the other secrets are host secrets. They are not in the repository. | K5: 1. From the GCP dev project: curl https://<test-host>/api/health returns 200. Use --cacert for a private CA. 2. From an IP that is not on the allowlist: the connection is refused. 3. POST /api/batch/runs without a key returns 401. 4. A port scan from the internet shows only the agreed ports. 5. If the host is late: the GCP developer saves a real body to a file. We send it to the local stack and record that the real delivery was not tested. | L5: To do
A6: Sprint 1 | B6: S1-05 | C6: OTel in the GCP job and the backend: one trace for each run | D6: Feature | E6: Part A: GCP job developer. Part B: backend. | F6: Part A: S1-03. Part B: S1-02. The OTel packages are approved in the Sprint 1 spec. | G6: S1-06 | H6: M + M | I6: What: Add the OpenTelemetry SDK on the two sides, so that one batch run is one trace. Step | Where | What happens 1 | GCP job (part A) | Start a root span batch.run with use_case_id and run_id 2 | GCP job (part A) | Make the child spans batch.submit, batch.harvest, batch.publish and batch.send 3 | GCP job (part A) | Call the API with an HTTP client that has OTel instrumentation. The client adds the traceparent header. 4 | Backend (part B) | The FastAPI instrumentation reads the header. The monitor.ingest span becomes a child of the batch.send span of the job. 5 | Backend (part B) | The backend stores the trace ID in the batch_runs row 6 | Both | The spans go over OTLP/HTTP to the Collector (S1-06) Text in spans: GCP spans contain no text. Backend spans can contain the redacted record text that the API accepted (the monitor.evaluate span in S2-05). The monitor.ingest span contains no body content. The token spans and the attribute allowlist come in S2-04. | J6: • Part A: one trace for each run. batch.send is the parent of the HTTP client span. The request has a traceparent header. • Part B: monitor.ingest has the same trace ID as the root span of the job. The batch_runs row stores this trace ID. • A request without traceparent starts a new trace in the backend. The backend stores its ID. • The spans contain only IDs and the status (use_case_id, run_id, result). They contain no text from the body. • If the Collector is not available, the job and the API continue to work. The job logs the failed export. | K6: 1. Unit, part A (GCP repository): use an in-memory span exporter. Make sure that the span names and the parent links are correct, and that the request has a traceparent header. 2. Unit, part B (backend): send a request with a known traceparent. Make sure that the trace ID and the parent of the span are correct, and that the stored trace ID is correct. 3. Paired with S1-06 on the test host: run the job. Make sure that the spans of the job and the backend span have the same trace ID in the Collector output. Run scripts/check_trace.py <trace_id>. 4. If GCP cannot reach the Collector yet: the job sends its spans to Cloud Logging. The trace is still connected, because the header arrives at the backend. | L6: To do
A7: Sprint 1 | B7: S1-06 | C7: Minimal OTel Collector and front door (local stack and test host) | D7: Infrastructure | E7: Platform | F7: Local: none. Test host: S1-04 | G7: S1-05 | H7: M | I7: What: Add the OTel Collector to Docker Compose. Use the contrib image with a fixed version. The Collector receives spans on OTLP/HTTP. It writes the spans to the debug output and to a file in a mounted folder. The Langfuse export comes in S2-03. On the test host, put one reverse proxy (the front door) in front of the backend and the Collector: Path | Goes to | Who calls it | Protection https://<host>/api/* | Backend | GCP job | API key, IP allowlist https://<host>/otlp/* | Collector | GCP job | OTLP token, IP allowlist Private network inside the host | Collector | Backend | Not open to the internet The firewall opens only port 443. The front door has one certificate (S1-04). From Sprint 2, the same front door also serves the staff: the dashboard on port 8443 and Langfuse on port 3443, with a separate allowlist for the office or VPN IPs (Sprint 2 prerequisites). | J7: • docker compose up starts the Collector with a health check. • The Collector image has the version from the fixed-versions table. It does not use latest. • Spans that come in on OTLP/HTTP appear in the file output. • On the test host, the front door is the only public entry. It accepts only port 443 and only the GCP egress IP. • /otlp/* rejects a request without the correct OTLP token. The OTLP token is different from the API key. • The GCP job reads the OTLP token from Secret Manager and sends it with OTEL_EXPORTER_OTLP_HEADERS. • The Collector configuration is in the repository. It contains no secrets. • After S2-03 works, a cleanup step deletes the file output on the test host. | K7: 1. Local: send test spans with telemetrygen traces --otlp-http. Make sure that the file output contains them. 2. Test host, from the GCP dev project: send test spans to https://<host>/otlp/v1/traces with the token. Make sure that the file output contains them. 3. Send spans without the token. Make sure that they are rejected. 4. Send a request from an IP that is not on the allowlist. Make sure that the connection is refused. 5. Paired with S1-05: see the test steps in S1-05. | L7: To do
A8: Sprint 1 | B8: S1-07 | C8: Trace check tool | D8: Feature | E8: Backend | F8: S1-02, S1-05 part B, S1-06, S1-11 | G8: S1-05 + S1-06 | H8: S | I8: What: Write the script scripts/check_trace.py <trace_id>. The script shows the result for each item: Item | Where the script looks | "Found" means Run row | Postgres table batch_runs | A row has this trace ID GCP root span | Collector file | A batch.run span has this trace ID Monitor span | Collector file | A monitor.ingest span has this trace ID Parent link | Collector file | The parent of monitor.ingest is the job's batch.send span Langfuse trace and score | Langfuse API | Added in S2-03 Run the script on the host where the stack runs. The script uses the read-only database account from S1-11. It is a tool for developers and operators. It is not part of the product. | J8: • The script shows "found" or "missing" for each item, with the run ID and the times. • If an item is missing, the script stops with a non-zero exit code. CI and the drills can use this code. • The script reads credentials from environment variables. It never shows them. • The script only reads. It does not change the database or the files. | K8: 1. Paired with S1-05 and S1-06: send one example request with a known traceparent. Run the script with this trace ID. Make sure that the run row and the monitor span are "found". 2. On the test host, run the GCP job. Run the script with the trace ID of the run. Make sure that all four items are "found". 3. Run the script with a random trace ID. Make sure that all items are "missing" and the exit code is not zero. | L8: To do
A9: Sprint 1 | B9: S1-08 | C9: Security approval for the Sprint 1 data flow | D9: Decision | E9: Security + platform | F9: S1-01 | G9: — | H9: S | I9: What: Get written approval for all the data that Sprint 1 sends between the clouds. PII means "personally identifiable information". PII is data that can identify a person, for example a name, a phone number, an email address, a national ID number, a home address or a customer account number. The standard replaces phone numbers, email addresses and national ID numbers with placeholders before the data leaves GCP. Security must tell us if other types of PII must also be replaced. If security adds more types, the job must find them before it sends the data. Names are difficult to find automatically. Security must approve these items: Item | Issue Redacted records leave GCP. They go to the monitor, the Claude judge (Anthropic API) and Langfuse. | S1-01, S1-03 The list of PII types that the job replaces with placeholders | S1-03 The retention period for stored records | S1-02 An API key on the internet without a VPN, with an IP allowlist | S1-02, S1-04 The certificate type (public CA or private CA) | S1-04 The OTLP endpoint that GCP can reach through the front door | S1-06 Real redacted data on the test host | S1-04 Read access to GCP Cloud Logging for the monitor team | S1-01 Database accounts, and who can read real data | S1-11 | J9: • Each item in the table is approved in writing, or blocked with an owner and a date. • The list of PII types is written down. • The name of a security contact is in this issue. | K9: 1. Link the approval in this issue. 2. Compare the S1-01 schema with the approved fields, one field at a time. 3. Compare the S1-03 placeholder list with the approved PII types. 4. If the approval is not complete by 8 October, the job does not send records. All five metrics show "Unknown". | L9: To do
A10: Sprint 1 | B10: S1-09 | C10: Inventory of the 10 use cases and October run dates | D10: Discovery | E10: PM + source owners | F10: — | G10: — | H10: M | I10: What: Make one table with one row for each of the 10 GCP use cases. Sprints 2, 3 and 4 use this table to select the order of the use cases. The due date is Friday 9 October. Column | Why we need it Use-case ID | The registry and the API use this ID Owner | The person who confirms that a run is real GCP job and repository | The location of the code that sends the data Developer of the job | The person who adds the send step and OTel. This person can be different for each job. GCP project and egress IP | The firewall allows only known IP addresses (S1-04). Each project can have a different IP. October run dates | The dates when a real run can arrive. If a job does not run in October, book a controlled rerun. Batch API or online calls | With the Batch API, latency_s is null Approximate number of requests in each run | This number sets the sample size and the judge cost Language: Thai, English or mixed | RAI must know the language that the judge examines Data sensitivity | Security uses this for the approval (S1-08) Owner of the task description | The person who writes the task description for the judge, with RAI | J10: • The table has exactly 10 rows. Each row has a named owner and a named developer. • Each use case has at least one October run date, or a booked controlled rerun. • Each GCP project has a known egress IP for the allowlist. • The order of the use cases for Sprints 2 to 4 is agreed. | K10: 1. Each owner confirms their row in the issue comments. 2. Platform adds all the egress IPs to the allowlist plan (S1-04). Risk: The team examined only 6 pipelines in 4 repositories. If the table has fewer than 10 real jobs on 9 October, change the October goal and tell the project owner. | L10: To do
A11: Sprint 1 | B11: S1-10 | C11: First real run end to end | D11: Verification | E11: Backend + GCP job developer | F11: S1-01, S1-02, S1-03, S1-04, S1-05, S1-06, S1-07, S1-11 | G11: S1-07 (trace check tool) | H11: S | I11: What: This is the Sprint 1 demo. One real GCP job does one real run. Show that the data and the trace arrived. Use the S1-07 tool to show the result. Sprint 1 has no read API. The read API for the dashboard comes in S2-07. | J11: • The source owner confirms that the run was a real published run. • The batch_runs table has the run one time only. • The job spans and the monitor.ingest span have the same trace ID in the Collector. • The parent of monitor.ingest is the job's batch.send span. • If records were sent, they contain placeholders and no raw PII. • If security did not approve records yet, the run is in identity-only mode. The result says "records not yet approved". | K11: 1. Start the real run, or wait for the scheduled run. 2. Find the trace ID of the run in the job log. 3. Run scripts/check_trace.py <trace_id> on the test host. Make sure that all four items are "found". 4. Attach the output of the tool to this issue. Do not attach secrets or record text. | L11: To do
A12: Sprint 1 | B12: S1-11 | C12: Database accounts for the backend and the developers | D12: Infrastructure | E12: Platform + backend | F12: S1-04 | G12: S1-02, S1-07 | H12: S | I12: What: Make database accounts on the test host. Do not use one shared administrator account. Account | Type | Used by | Permissions monitor_app | Bot | The backend service | Owns the monitor schema. Reads and writes the monitor tables. Runs the migrations when the backend starts, as the backend does now. monitor_readonly | Bot | The S1-07 tool and other checks | Reads the monitor tables only dev_<name> | Person, one for each developer | Developers | Read-only on the test host, because the test host has real redacted data. Full access only on the local stack. Postgres administrator | Person | Platform only | For emergencies only. The backend and the tools do not use it. Rules: - Keep the passwords as host secrets. Do not put them in the repository or in chat. - The database port is not open to the internet. Developers connect through SSH or a bastion host. - Remove a developer account when the person leaves the project. - Langfuse gets its own database account in S2-03. | J12: • Each account in the table exists, with the given permissions. • The backend uses monitor_app in DATABASE_URL. It does not use the administrator account. • A developer can connect through SSH or the bastion host. A developer cannot connect directly from the internet. • This issue lists the accounts and their owners. It contains no passwords. | K12: 1. Start the backend with monitor_app. Make sure that the migrations run and the API stores a run. 2. Connect as monitor_readonly. Make sure that SELECT works and INSERT fails. 3. Connect as a dev_<name> account on the test host. Make sure that INSERT fails. 4. Try to connect to the database port from the internet. Make sure that the connection is refused. --- | L12: To do
A13: Sprint 2 | B13: S2-01 | C13: Source registry: YAML settings and API key hashes | D13: Feature | E13: Backend + platform | F13: S1-02, S1-11 | G13: S2-06 | H13: M | I13: What: Make a registry of the batch use cases in two parts. This follows the YAML registry in section 15 of the monitoring contract. Part | Location | Contains | How it changes Settings | YAML file in the repository | Use-case ID, name, owner, developer, mode (identity_only or records), sample size, task description with version and approver, run schedule, data classification, band overrides | Pull request, approved by backend. RAI also approves changes to the task description or the bands. API key hashes | Database table | The SHA-256 hash of each API key, the use-case ID, and the key status | The script scripts/batch_keys.py The API key itself is kept only in the GCP Secret Manager of that project. Never put a key or a key hash in git, chat or email. Example entry: yaml use_case_id: GCP-UC-03 name: Invoice summary owner: billing-ai-team developer: <job developer> mode: identity_only sample_size: 50 task_description: text: "summaries of customer invoices for the billing team" version: 1 approved_by: <RAI reviewer> schedule: "daily 02:00 UTC" data_classification: confidential band_overrides: {} How a request is accepted: 1. The monitor finds the hash of the API key in the database. 2. The monitor finds the use case of that key in the YAML file. 3. The use case in the body must be the same as the use case of the key. Key rotation: The monitor accepts two active keys for one use case. Make the new key, put it in Secret Manager, wait for one successful run, then remove the old key. OTLP token: All GCP jobs use one OTLP token (S1-06). The Collector cannot connect a token to a use case. Spans are not used for grades, so this risk is low. | J13: • The monitor reads the YAML file when it starts. If the file has an error, the monitor does not start and shows the error. • A key for use case A with a body for use case B: 403. • A correct key for a use case that is not in the YAML file: 403. • A removed key: 401. • During rotation, both keys work. After the old key is removed, only the new key works. • Key rotation does not change or remove stored runs. • scripts/batch_keys.py can make, list and remove keys. It shows a new key one time only and never writes the key to a log. • Platform puts each new key directly into GCP Secret Manager. | K13: 1. Unit and integration: pytest for each acceptance criterion. 2. Load a YAML file with an error. Make sure that the monitor does not start. 3. Paired with S2-06: each onboarded job sends with its own key and the request is accepted. Change the key of one job to the key of another use case. Make sure that the request is rejected. | L13: To do
... A33: Sprint 4 | B33: S4-07 | C33: Remove the prototype-only code | D33: Feature | E33: Backend | F33: S4-06 | G33: Full test suite | H33: M | I33: What: Remove the code of the three prototype use cases that the GCP path does not use. Follow the rule for prototype code at the start of this file. Do this after the release sign-off (S4-06), so that the AWS release does not change at the last moment. If Sprint 4 has no time left, do this issue in the first week of November. | J33: • A list of the removed files and a list of the kept shared files are in the pull request. • Each removed item has no use in the GCP path. A repository search shows this. • The tests of the shared code use GCP-style data, not prototype data. • Packages that only the removed code used are removed from backend/requirements.txt. • CLAUDE.md, README.md and the contract documents describe the GCP use cases. | K33: 1. Run the full backend suite and the pnpm checks. 2. On the test host, send one GCP run. Run scripts/check_trace.py. Make sure that all the items are "found". | L33: To do

Sheet Paired tests
A1: Sprint | B1: Feature | C1: Tested with | D1: The test proves | E1: Environment
A2: Sprint 1 | B2: S1-03 GCP sender | C2: S1-02 receiving API | D2: A real run summary from GCP is stored as one row in PostgreSQL | E2: Test host
A3: Sprint 1 | B3: S1-05 part A, GCP OTel | C3: S1-06 Collector | D3: The spans of the job arrive in the Collector | E3: Test host
A4: Sprint 1 | B4: S1-05 part B, backend OTel | C4: S1-05 part A + S1-06 | D4: The backend span has the same trace ID as the root span of the job | E4: Test host
A5: Sprint 1 | B5: S1-07 trace check tool | C5: S1-05 + S1-06 | D5: One command finds the same trace ID in the database and in the Collector output | E5: Local stack, then test host
A6: Sprint 2 | B6: S2-04 GCP OTel helper | C6: S2-03 Collector → Langfuse | D6: The job's spans flow through the Collector into Langfuse, and the run summary lands in monitor Postgres, all with one trace ID | E6: Local stack, then test host
A7: Sprint 2 | B7: S2-05 batch evaluator | C7: S2-03 Collector → Langfuse | D7: The run scores and the record scores appear on the run's trace in Langfuse | E7: Local stack
A8: Sprint 2 | B8: S2-01 registry | C8: S2-06 onboarding | D8: Each real job can write only its own use case | E8: Test host
A9: Sprint 3 | B9: S3-03 Collector hardening | C9: S3-04 drills | D9: Spans survive a Langfuse outage and arrive after recovery, once | E9: Local stack
A10: Sprint 3 | B10: S3-03 Collector hardening | C10: S3-05 leak scan | D10: Forbidden attributes are removed before storage | E10: Local stack, test host
A11: Sprint 3 | B11: S3-02 missed-run alert | C11: S3-04 drills | D11: A run that never arrives raises a delivery alert, not a quality alert | E11: Local stack
A12: Sprint 4 | B12: S4-02 jobs switched to AWS | C12: S4-01 AWS stack | D12: Real runs and spans from GCP arrive in the AWS monitor and in Langfuse | E12: Production AWS cluster
A13: Sprint 4 | B13: S4-03 all 10 use cases | C13: S4-04 evidence checklist | D13: Each use case has a real run with its five metrics graded, and the same trace ID in the monitor and in Langfuse | E13: Production AWS cluster

Sheet Long-lead requests
A1: Request | B1: Owner | C1: Needed by | D1: If it is not approved in time
A2: DNS name and certificate for the AWS production stack | B2: Your team + network team | C2: S4-01 (26 October) | D2: Use the IP address and a private CA certificate, as on the test host
A3: Production AWS Kubernetes cluster, its owner and access | B3: Platform | C3: S4-01 (26 October) | D3: Report the result as a pilot on the test AWS cluster. Do not report a production release.
A4: Amazon RDS for PostgreSQL 17 and Amazon S3 (plan A, S3-06) | B4: Platform + AWS team | C4: 21 October | D4: Use plan B: PostgreSQL and MinIO in the cluster
A5: Test AWS Kubernetes cluster (not production) and access | B5: Your team | C5: S3-06 (19 October) | D5: Test the S3-06 files on a disposable local cluster (kind) only

Sheet Fixed versions
A1: Component | B1: Image or package | C1: Version | D1: Note
A2: Python (backend) | B2: python:3.12.15-slim-bookworm | C2: 3.12.15 | D2: Released 2026-10-01. Python 3.12 gets security fixes only, until 2028-10-31.
A3: PostgreSQL (monitor and Langfuse) | B3: postgres:17.11-bookworm | C3: 17.11 | D3: Released 2026-08-10. PostgreSQL 17 is supported until 2029-11-08.
A4: OTel Collector | B4: otel/opentelemetry-collector-contrib | C4: 0.161.0 | D4: Newest image on Docker Hub. Release 0.162.0 (2026-09-29) has no Docker Hub image yet.
A5: Langfuse web | B5: langfuse/langfuse | C5: 4.50.0 | D5: Released 2026-10-02
A6: Langfuse worker | B6: langfuse/langfuse-worker | C6: 4.50.0 | D6: Must be the same version as Langfuse web
A7: ClickHouse | B7: clickhouse/clickhouse-server | C7: 25.12.11.4 | D7: Newest patch of the 25.12 line that the Langfuse Compose file uses. Version 26.9 exists, but Langfuse does not use it.
A8: Redis | B8: redis | C8: 7.4.11 | D8: Newest patch of the 7 line that the Langfuse Compose file uses. Version 8 exists, but Langfuse does not use it.
A9: S3 storage (MinIO) | B9: cgr.dev/chainguard/minio | C9: Fix by image digest | D9: The image that the Langfuse Compose file uses. The free Chainguard image has only the latest tag, so record its digest.
A10: Langfuse Python SDK | B10: langfuse | C10: >=4.16,<5 | D10: S2-02
A11: Langfuse Helm chart | B11: langfuse/langfuse (langfuse-k8s) | C11: 2.1.3 | D11: Released 2026-09-28. Set the image tags to Langfuse 4.50.0 in the values file (S3-06).
